NUCC TAXONOMY CODE GROUPINGS,,
,,
main_grouping,classification,specialization
Group,Multi-Specialty,
Group,Single Specialty,
Allopathic & Osteopathic Physicians,Allergy & Immunology,
Allopathic & Osteopathic Physicians,Allergy & Immunology,Allergy
Allopathic & Osteopathic Physicians,Allergy & Immunology,Clinical & Laboratory Immunology
Allopathic & Osteopathic Physicians,Anesthesiology,
Allopathic & Osteopathic Physicians,Anesthesiology,Addiction Medicine
Allopathic & Osteopathic Physicians,Anesthesiology,Critical Care Medicine
Allopathic & Osteopathic Physicians,Anesthesiology,Hospice and Palliative Medicine
Allopathic & Osteopathic Physicians,Anesthesiology,Pain Medicine
Allopathic & Osteopathic Physicians,Anesthesiology,Pediatric Anesthesiology
Allopathic & Osteopathic Physicians,Clinical Pharmacology,
Allopathic & Osteopathic Physicians,Colon & Rectal Surgery,
Allopathic & Osteopathic Physicians,Dermatology,
Allopathic & Osteopathic Physicians,Dermatology,Clinical & Laboratory Dermatological Immunology
Allopathic & Osteopathic Physicians,Dermatology,Dermatopathology
Allopathic & Osteopathic Physicians,Dermatology,MOHS-Micrographic Surgery
Allopathic & Osteopathic Physicians,Dermatology,Pediatric Dermatology
Allopathic & Osteopathic Physicians,Dermatology,Procedural Dermatology
Allopathic & Osteopathic Physicians,Electrodiagnostic Medicine,
Allopathic & Osteopathic Physicians,Emergency Medicine,
Allopathic & Osteopathic Physicians,Emergency Medicine,Emergency Medical Services
Allopathic & Osteopathic Physicians,Emergency Medicine,Hospice and Palliative Medicine
Allopathic & Osteopathic Physicians,Emergency Medicine,Medical Toxicology
Allopathic & Osteopathic Physicians,Emergency Medicine,Pediatric Emergency Medicine
Allopathic & Osteopathic Physicians,Emergency Medicine,Sports Medicine
Allopathic & Osteopathic Physicians,Emergency Medicine,Undersea and Hyperbaric Medicine
Allopathic & Osteopathic Physicians,Family Medicine,
Allopathic & Osteopathic Physicians,Family Medicine,Addiction Medicine
Allopathic & Osteopathic Physicians,Family Medicine,Adolescent Medicine
Allopathic & Osteopathic Physicians,Family Medicine,Adult Medicine
Allopathic & Osteopathic Physicians,Family Medicine,Geriatric Medicine
Allopathic & Osteopathic Physicians,Family Medicine,Hospice and Palliative Medicine
Allopathic & Osteopathic Physicians,Family Medicine,Obesity Medicine
Allopathic & Osteopathic Physicians,Family Medicine,Sleep Medicine
Allopathic & Osteopathic Physicians,Family Medicine,Sports Medicine
Allopathic & Osteopathic Physicians,General Practice,
Allopathic & Osteopathic Physicians,Hospitalist,
Allopathic & Osteopathic Physicians,Independent Medical Examiner,
Allopathic & Osteopathic Physicians,Integrative Medicine,
Allopathic & Osteopathic Physicians,Internal Medicine,
Allopathic & Osteopathic Physicians,Internal Medicine,Addiction Medicine
Allopathic & Osteopathic Physicians,Internal Medicine,Adolescent Medicine
Allopathic & Osteopathic Physicians,Internal Medicine,Adult Congenital Heart Disease
Allopathic & Osteopathic Physicians,Internal Medicine,Advanced Heart Failure and Transplant Cardiology
Allopathic & Osteopathic Physicians,Internal Medicine,Allergy & Immunology
Allopathic & Osteopathic Physicians,Internal Medicine,Cardiovascular Disease
Allopathic & Osteopathic Physicians,Internal Medicine,Clinical & Laboratory Immunology
Allopathic & Osteopathic Physicians,Internal Medicine,Clinical Cardiac Electrophysiology
Allopathic & Osteopathic Physicians,Internal Medicine,Critical Care Medicine
Allopathic & Osteopathic Physicians,Internal Medicine,"Endocrinology, Diabetes & Metabolism"
Allopathic & Osteopathic Physicians,Internal Medicine,Gastroenterology
Allopathic & Osteopathic Physicians,Internal Medicine,Geriatric Medicine
Allopathic & Osteopathic Physicians,Internal Medicine,Hematology
Allopathic & Osteopathic Physicians,Internal Medicine,Hematology & Oncology
Allopathic & Osteopathic Physicians,Internal Medicine,Hepatology
Allopathic & Osteopathic Physicians,Internal Medicine,Hospice and Palliative Medicine
Allopathic & Osteopathic Physicians,Internal Medicine,Hypertension Specialist
Allopathic & Osteopathic Physicians,Internal Medicine,Infectious Disease
Allopathic & Osteopathic Physicians,Internal Medicine,Interventional Cardiology
Allopathic & Osteopathic Physicians,Internal Medicine,Magnetic Resonance Imaging (MRI)
Allopathic & Osteopathic Physicians,Internal Medicine,Medical Oncology
Allopathic & Osteopathic Physicians,Internal Medicine,Nephrology
Allopathic & Osteopathic Physicians,Internal Medicine,Obesity Medicine
Allopathic & Osteopathic Physicians,Internal Medicine,Pulmonary Disease
Allopathic & Osteopathic Physicians,Internal Medicine,Rheumatology
Allopathic & Osteopathic Physicians,Internal Medicine,Sleep Medicine
Allopathic & Osteopathic Physicians,Internal Medicine,Sports Medicine
Allopathic & Osteopathic Physicians,Internal Medicine,Transplant Hepatology
Allopathic & Osteopathic Physicians,Legal Medicine,
Allopathic & Osteopathic Physicians,Medical Genetics,Clinical Biochemical Genetics
Allopathic & Osteopathic Physicians,Medical Genetics,Clinical Cytogenetics
Allopathic & Osteopathic Physicians,Medical Genetics,Clinical Genetics (M.D.)
Allopathic & Osteopathic Physicians,Medical Genetics,Clinical Molecular Genetics
Allopathic & Osteopathic Physicians,Medical Genetics,Molecular Genetic Pathology
Allopathic & Osteopathic Physicians,Medical Genetics,Ph.D. Medical Genetics
Allopathic & Osteopathic Physicians,Neurological Surgery,
Allopathic & Osteopathic Physicians,Neuromusculoskeletal Medicine & OMM,
Allopathic & Osteopathic Physicians,"Neuromusculoskeletal Medicine, Sports Medicine",
Allopathic & Osteopathic Physicians,Nuclear Medicine,
Allopathic & Osteopathic Physicians,Nuclear Medicine,In Vivo & In Vitro Nuclear Medicine
Allopathic & Osteopathic Physicians,Nuclear Medicine,Nuclear Cardiology
Allopathic & Osteopathic Physicians,Nuclear Medicine,Nuclear Imaging & Therapy
Allopathic & Osteopathic Physicians,Obstetrics & Gynecology,
Allopathic & Osteopathic Physicians,Obstetrics & Gynecology,Complex Family Planning
Allopathic & Osteopathic Physicians,Obstetrics & Gynecology,Critical Care Medicine
Allopathic & Osteopathic Physicians,Obstetrics & Gynecology,Female Pelvic Medicine and Reconstructive Surgery
Allopathic & Osteopathic Physicians,Obstetrics & Gynecology,Gynecologic Oncology
Allopathic & Osteopathic Physicians,Obstetrics & Gynecology,Gynecology
Allopathic & Osteopathic Physicians,Obstetrics & Gynecology,Hospice and Palliative Medicine
Allopathic & Osteopathic Physicians,Obstetrics & Gynecology,Maternal & Fetal Medicine
Allopathic & Osteopathic Physicians,Obstetrics & Gynecology,Obesity Medicine
Allopathic & Osteopathic Physicians,Obstetrics & Gynecology,Obstetrics
Allopathic & Osteopathic Physicians,Obstetrics & Gynecology,Reproductive Endocrinology
Allopathic & Osteopathic Physicians,Ophthalmology,
Allopathic & Osteopathic Physicians,Ophthalmology,Cornea and External Diseases Specialist
Allopathic & Osteopathic Physicians,Ophthalmology,Glaucoma Specialist
Allopathic & Osteopathic Physicians,Ophthalmology,Neuro-ophthalmology
Allopathic & Osteopathic Physicians,Ophthalmology,Ophthalmic Plastic and Reconstructive Surgery
Allopathic & Osteopathic Physicians,Ophthalmology,Pediatric Ophthalmology and Strabismus Specialist
Allopathic & Osteopathic Physicians,Ophthalmology,Retina Specialist
Allopathic & Osteopathic Physicians,Ophthalmology,Uveitis and Ocular Inflammatory Disease
Allopathic & Osteopathic Physicians,Oral & Maxillofacial Surgery,
Allopathic & Osteopathic Physicians,Orthopaedic Surgery,
Allopathic & Osteopathic Physicians,Orthopaedic Surgery,Adult Reconstructive Orthopaedic Surgery
Allopathic & Osteopathic Physicians,Orthopaedic Surgery,Foot and Ankle Surgery
Allopathic & Osteopathic Physicians,Orthopaedic Surgery,Hand Surgery
Allopathic & Osteopathic Physicians,Orthopaedic Surgery,Orthopaedic Surgery of the Spine
Allopathic & Osteopathic Physicians,Orthopaedic Surgery,Orthopaedic Trauma
Allopathic & Osteopathic Physicians,Orthopaedic Surgery,Pediatric Orthopaedic Surgery
Allopathic & Osteopathic Physicians,Orthopaedic Surgery,Sports Medicine
Allopathic & Osteopathic Physicians,Otolaryngology,
Allopathic & Osteopathic Physicians,Otolaryngology,Facial Plastic Surgery
Allopathic & Osteopathic Physicians,Otolaryngology,Otolaryngic Allergy
Allopathic & Osteopathic Physicians,Otolaryngology,Otolaryngology/Facial Plastic Surgery
Allopathic & Osteopathic Physicians,Otolaryngology,Otology & Neurotology
Allopathic & Osteopathic Physicians,Otolaryngology,Pediatric Otolaryngology
Allopathic & Osteopathic Physicians,Otolaryngology,Plastic Surgery within the Head & Neck
Allopathic & Osteopathic Physicians,Otolaryngology,Sleep Medicine
Allopathic & Osteopathic Physicians,Pain Medicine,Interventional Pain Medicine
Allopathic & Osteopathic Physicians,Pain Medicine,Pain Medicine
Allopathic & Osteopathic Physicians,Pathology,Anatomic Pathology
Allopathic & Osteopathic Physicians,Pathology,Anatomic Pathology & Clinical Pathology
Allopathic & Osteopathic Physicians,Pathology,Blood Banking & Transfusion Medicine
Allopathic & Osteopathic Physicians,Pathology,Chemical Pathology
Allopathic & Osteopathic Physicians,Pathology,Clinical Informatics
Allopathic & Osteopathic Physicians,Pathology,Clinical Pathology
Allopathic & Osteopathic Physicians,Pathology,Clinical Pathology/Laboratory Medicine
Allopathic & Osteopathic Physicians,Pathology,Cytopathology
Allopathic & Osteopathic Physicians,Pathology,Dermatopathology
Allopathic & Osteopathic Physicians,Pathology,Forensic Pathology
Allopathic & Osteopathic Physicians,Pathology,Hematology
Allopathic & Osteopathic Physicians,Pathology,Immunopathology
Allopathic & Osteopathic Physicians,Pathology,Medical Microbiology
Allopathic & Osteopathic Physicians,Pathology,Molecular Genetic Pathology
Allopathic & Osteopathic Physicians,Pathology,Neuropathology
Allopathic & Osteopathic Physicians,Pathology,Pediatric Pathology
Allopathic & Osteopathic Physicians,Pediatrics,
Allopathic & Osteopathic Physicians,Pediatrics,Adolescent Medicine
Allopathic & Osteopathic Physicians,Pediatrics,Child Abuse Pediatrics
Allopathic & Osteopathic Physicians,Pediatrics,Clinical & Laboratory Immunology
Allopathic & Osteopathic Physicians,Pediatrics,Developmental - Behavioral Pediatrics
Allopathic & Osteopathic Physicians,Pediatrics,Hospice and Palliative Medicine
Allopathic & Osteopathic Physicians,Pediatrics,Medical Toxicology
Allopathic & Osteopathic Physicians,Pediatrics,Neonatal-Perinatal Medicine
Allopathic & Osteopathic Physicians,Pediatrics,Neurodevelopmental Disabilities
Allopathic & Osteopathic Physicians,Pediatrics,Obesity Medicine
Allopathic & Osteopathic Physicians,Pediatrics,Pediatric Allergy/Immunology
Allopathic & Osteopathic Physicians,Pediatrics,Pediatric Cardiology
Allopathic & Osteopathic Physicians,Pediatrics,Pediatric Critical Care Medicine
Allopathic & Osteopathic Physicians,Pediatrics,Pediatric Emergency Medicine
Allopathic & Osteopathic Physicians,Pediatrics,Pediatric Endocrinology
Allopathic & Osteopathic Physicians,Pediatrics,Pediatric Gastroenterology
Allopathic & Osteopathic Physicians,Pediatrics,Pediatric Hematology-Oncology
Allopathic & Osteopathic Physicians,Pediatrics,Pediatric Infectious Diseases
Allopathic & Osteopathic Physicians,Pediatrics,Pediatric Nephrology
Allopathic & Osteopathic Physicians,Pediatrics,Pediatric Pulmonology
Allopathic & Osteopathic Physicians,Pediatrics,Pediatric Rheumatology
Allopathic & Osteopathic Physicians,Pediatrics,Pediatric Transplant Hepatology
Allopathic & Osteopathic Physicians,Pediatrics,Sleep Medicine
Allopathic & Osteopathic Physicians,Pediatrics,Sports Medicine
Allopathic & Osteopathic Physicians,Phlebology,
Allopathic & Osteopathic Physicians,Physical Medicine & Rehabilitation,
Allopathic & Osteopathic Physicians,Physical Medicine & Rehabilitation,Brain Injury Medicine
Allopathic & Osteopathic Physicians,Physical Medicine & Rehabilitation,Hospice and Palliative Medicine
Allopathic & Osteopathic Physicians,Physical Medicine & Rehabilitation,Neuromuscular Medicine
Allopathic & Osteopathic Physicians,Physical Medicine & Rehabilitation,Pain Medicine
Allopathic & Osteopathic Physicians,Physical Medicine & Rehabilitation,Pediatric Rehabilitation Medicine
Allopathic & Osteopathic Physicians,Physical Medicine & Rehabilitation,Spinal Cord Injury Medicine
Allopathic & Osteopathic Physicians,Physical Medicine & Rehabilitation,Sports Medicine
Allopathic & Osteopathic Physicians,Plastic Surgery,
Allopathic & Osteopathic Physicians,Plastic Surgery,Plastic Surgery Within the Head and Neck
Allopathic & Osteopathic Physicians,Plastic Surgery,Surgery of the Hand
Allopathic & Osteopathic Physicians,Preventive Medicine,Addiction Medicine
Allopathic & Osteopathic Physicians,Preventive Medicine,Aerospace Medicine
Allopathic & Osteopathic Physicians,Preventive Medicine,Clinical Informatics
Allopathic & Osteopathic Physicians,Preventive Medicine,Medical Toxicology
Allopathic & Osteopathic Physicians,Preventive Medicine,Obesity Medicine
Allopathic & Osteopathic Physicians,Preventive Medicine,Occupational Medicine
Allopathic & Osteopathic Physicians,Preventive Medicine,Preventive Medicine/Occupational Environmental Medicine
Allopathic & Osteopathic Physicians,Preventive Medicine,Public Health & General Preventive Medicine
Allopathic & Osteopathic Physicians,Preventive Medicine,Sports Medicine
Allopathic & Osteopathic Physicians,Preventive Medicine,Undersea and Hyperbaric Medicine
Allopathic & Osteopathic Physicians,Psychiatry & Neurology,Addiction Medicine
Allopathic & Osteopathic Physicians,Psychiatry & Neurology,Addiction Psychiatry
Allopathic & Osteopathic Physicians,Psychiatry & Neurology,Behavioral Neurology & Neuropsychiatry
Allopathic & Osteopathic Physicians,Psychiatry & Neurology,Brain Injury Medicine
Allopathic & Osteopathic Physicians,Psychiatry & Neurology,Child & Adolescent Psychiatry
Allopathic & Osteopathic Physicians,Psychiatry & Neurology,Clinical Neurophysiology
Allopathic & Osteopathic Physicians,Psychiatry & Neurology,Diagnostic Neuroimaging
Allopathic & Osteopathic Physicians,Psychiatry & Neurology,Epilepsy
Allopathic & Osteopathic Physicians,Psychiatry & Neurology,Forensic Psychiatry
Allopathic & Osteopathic Physicians,Psychiatry & Neurology,Geriatric Psychiatry
Allopathic & Osteopathic Physicians,Psychiatry & Neurology,Hospice and Palliative Medicine
Allopathic & Osteopathic Physicians,Psychiatry & Neurology,Neurocritical Care
Allopathic & Osteopathic Physicians,Psychiatry & Neurology,Neurodevelopmental Disabilities
Allopathic & Osteopathic Physicians,Psychiatry & Neurology,Neurology
Allopathic & Osteopathic Physicians,Psychiatry & Neurology,Neurology with Special Qualifications in Child Neurology
Allopathic & Osteopathic Physicians,Psychiatry & Neurology,Neuromuscular Medicine
Allopathic & Osteopathic Physicians,Psychiatry & Neurology,Obesity Medicine
Allopathic & Osteopathic Physicians,Psychiatry & Neurology,Pain Medicine
Allopathic & Osteopathic Physicians,Psychiatry & Neurology,Psychiatry
Allopathic & Osteopathic Physicians,Psychiatry & Neurology,Psychosomatic Medicine
Allopathic & Osteopathic Physicians,Psychiatry & Neurology,Sleep Medicine
Allopathic & Osteopathic Physicians,Psychiatry & Neurology,Sports Medicine
Allopathic & Osteopathic Physicians,Psychiatry & Neurology,Vascular Neurology
Allopathic & Osteopathic Physicians,Radiology,Body Imaging
Allopathic & Osteopathic Physicians,Radiology,Diagnostic Neuroimaging
Allopathic & Osteopathic Physicians,Radiology,Diagnostic Radiology
Allopathic & Osteopathic Physicians,Radiology,Diagnostic Ultrasound
Allopathic & Osteopathic Physicians,Radiology,Hospice and Palliative Medicine
Allopathic & Osteopathic Physicians,Radiology,Neuroradiology
Allopathic & Osteopathic Physicians,Radiology,Nuclear Radiology
Allopathic & Osteopathic Physicians,Radiology,Pediatric Radiology
Allopathic & Osteopathic Physicians,Radiology,Radiation Oncology
Allopathic & Osteopathic Physicians,Radiology,Radiological Physics
Allopathic & Osteopathic Physicians,Radiology,Therapeutic Radiology
Allopathic & Osteopathic Physicians,Radiology,Vascular & Interventional Radiology
Allopathic & Osteopathic Physicians,Surgery,
Allopathic & Osteopathic Physicians,Surgery,Hospice and Palliative Medicine
Allopathic & Osteopathic Physicians,Surgery,Pediatric Surgery
Allopathic & Osteopathic Physicians,Surgery,Plastic and Reconstructive Surgery
Allopathic & Osteopathic Physicians,Surgery,Surgery of the Hand
Allopathic & Osteopathic Physicians,Surgery,Surgical Critical Care
Allopathic & Osteopathic Physicians,Surgery,Surgical Oncology
Allopathic & Osteopathic Physicians,Surgery,Trauma Surgery
Allopathic & Osteopathic Physicians,Surgery,Vascular Surgery
Allopathic & Osteopathic Physicians,Thoracic Surgery (Cardiothoracic Vascular Surgery),
Allopathic & Osteopathic Physicians,Transplant Surgery,
Allopathic & Osteopathic Physicians,Urology,
Allopathic & Osteopathic Physicians,Urology,Female Pelvic Medicine and Reconstructive Surgery
Allopathic & Osteopathic Physicians,Urology,Pediatric Urology
Behavioral Health & Social Service Providers,Assistant Behavior Analyst,
Behavioral Health & Social Service Providers,Behavior Technician,
Behavioral Health & Social Service Providers,Behavior Analyst,
Behavioral Health & Social Service Providers,Clinical Neuropsychologist,
Behavioral Health & Social Service Providers,Clinical Neuropsychologist,Clinical
Behavioral Health & Social Service Providers,Counselor,
Behavioral Health & Social Service Providers,Counselor,Addiction (Substance Use Disorder)
Behavioral Health & Social Service Providers,Counselor,Mental Health
Behavioral Health & Social Service Providers,Counselor,Pastoral
Behavioral Health & Social Service Providers,Counselor,Professional
Behavioral Health & Social Service Providers,Counselor,School
Behavioral Health & Social Service Providers,Drama Therapist,
Behavioral Health & Social Service Providers,Marriage & Family Therapist,
Behavioral Health & Social Service Providers,Poetry Therapist,
Behavioral Health & Social Service Providers,Psychoanalyst,
Behavioral Health & Social Service Providers,Psychologist,
Behavioral Health & Social Service Providers,Psychologist,Addiction (Substance Use Disorder)
Behavioral Health & Social Service Providers,Psychologist,Adult Development & Aging
Behavioral Health & Social Service Providers,Psychologist,Clinical
Behavioral Health & Social Service Providers,Psychologist,Clinical Child & Adolescent
Behavioral Health & Social Service Providers,Psychologist,Cognitive & Behavioral
Behavioral Health & Social Service Providers,Psychologist,Counseling
Behavioral Health & Social Service Providers,Psychologist,Educational
Behavioral Health & Social Service Providers,Psychologist,Exercise & Sports
Behavioral Health & Social Service Providers,Psychologist,Family
Behavioral Health & Social Service Providers,Psychologist,Forensic
Behavioral Health & Social Service Providers,Psychologist,Group Psychotherapy
Behavioral Health & Social Service Providers,Psychologist,Health
Behavioral Health & Social Service Providers,Psychologist,Health Service
Behavioral Health & Social Service Providers,Psychologist,Men & Masculinity
Behavioral Health & Social Service Providers,Psychologist,Intellectual & Developmental Disabilities
Behavioral Health & Social Service Providers,Psychologist,Prescribing (Medical)
Behavioral Health & Social Service Providers,Psychologist,Psychoanalysis
Behavioral Health & Social Service Providers,Psychologist,Psychotherapy
Behavioral Health & Social Service Providers,Psychologist,Rehabilitation
Behavioral Health & Social Service Providers,Psychologist,School
Behavioral Health & Social Service Providers,Psychologist,Women
Behavioral Health & Social Service Providers,Social Worker,
Behavioral Health & Social Service Providers,Social Worker,Clinical
Behavioral Health & Social Service Providers,Social Worker,School
Chiropractic Providers,Chiropractor,
Chiropractic Providers,Chiropractor,Independent Medical Examiner
Chiropractic Providers,Chiropractor,Internist
Chiropractic Providers,Chiropractor,Neurology
Chiropractic Providers,Chiropractor,Nutrition
Chiropractic Providers,Chiropractor,Occupational Health
Chiropractic Providers,Chiropractor,Orthopedic
Chiropractic Providers,Chiropractor,Pediatric Chiropractor
Chiropractic Providers,Chiropractor,Radiology
Chiropractic Providers,Chiropractor,Rehabilitation
Chiropractic Providers,Chiropractor,Sports Physician
Chiropractic Providers,Chiropractor,Thermography
Dental Providers,Advanced Practice Dental Therapist,
Dental Providers,Dental Assistant,
Dental Providers,Dental Hygienist,
Dental Providers,Dental Laboratory Technician,
Dental Providers,Dental Therapist,
Dental Providers,Dentist,
Dental Providers,Dentist,Dental Public Health
Dental Providers,Dentist,Dentist Anesthesiologist
Dental Providers,Dentist,Endodontics
Dental Providers,Dentist,General Practice
Dental Providers,Dentist,Oral and Maxillofacial Pathology
Dental Providers,Dentist,Oral and Maxillofacial Radiology
Dental Providers,Dentist,Oral and Maxillofacial Surgery
Dental Providers,Dentist,Orofacial Pain
Dental Providers,Dentist,Orthodontics and Dentofacial Orthopedics
Dental Providers,Dentist,Pediatric Dentistry
Dental Providers,Dentist,Periodontics
Dental Providers,Dentist,Prosthodontics
Dental Providers,Denturist,
Dental Providers,Oral Medicinist,
Dietary & Nutritional Service Providers,Dietary Manager,
Dietary & Nutritional Service Providers,"Dietetic Technician, Registered",
Dietary & Nutritional Service Providers,"Dietitian, Registered",
Dietary & Nutritional Service Providers,"Dietitian, Registered","Nutrition, Gerontological"
Dietary & Nutritional Service Providers,"Dietitian, Registered","Nutrition, Metabolic"
Dietary & Nutritional Service Providers,"Dietitian, Registered","Nutrition, Obesity and Weight Management"
Dietary & Nutritional Service Providers,"Dietitian, Registered","Nutrition, Oncology"
Dietary & Nutritional Service Providers,"Dietitian, Registered","Nutrition, Pediatric"
Dietary & Nutritional Service Providers,"Dietitian, Registered","Nutrition, Pediatric Critical Care"
Dietary & Nutritional Service Providers,"Dietitian, Registered","Nutrition, Renal"
Dietary & Nutritional Service Providers,"Dietitian, Registered","Nutrition, Sports Dietetics"
Dietary & Nutritional Service Providers,Nutritionist,
Dietary & Nutritional Service Providers,Nutritionist,"Nutrition, Education"
Emergency Medical Service Providers,"Emergency Medical Technician, Basic",
Emergency Medical Service Providers,"Emergency Medical Technician, Intermediate",
Emergency Medical Service Providers,"Emergency Medical Technician, Paramedic",
Emergency Medical Service Providers,Personal Emergency Response Attendant,
Eye and Vision Services Providers,Optometrist,
Eye and Vision Services Providers,Optometrist,Corneal and Contact Management
Eye and Vision Services Providers,Optometrist,Low Vision Rehabilitation
Eye and Vision Services Providers,Optometrist,Occupational Vision
Eye and Vision Services Providers,Optometrist,Pediatrics
Eye and Vision Services Providers,Optometrist,Sports Vision
Eye and Vision Services Providers,Optometrist,Vision Therapy
Eye and Vision Services Providers,Technician/Technologist,
Eye and Vision Services Providers,Technician/Technologist,Contact Lens
Eye and Vision Services Providers,Technician/Technologist,Contact Lens Fitter
Eye and Vision Services Providers,Technician/Technologist,Ocularist
Eye and Vision Services Providers,Technician/Technologist,Ophthalmic
Eye and Vision Services Providers,Technician/Technologist,Ophthalmic Assistant
Eye and Vision Services Providers,Technician/Technologist,Optician
Eye and Vision Services Providers,Technician/Technologist,Optometric Assistant
Eye and Vision Services Providers,Technician/Technologist,Optometric Technician
Eye and Vision Services Providers,Technician/Technologist,Orthoptist
Nursing Service Providers,Licensed Practical Nurse,
Nursing Service Providers,Licensed Psychiatric Technician,
Nursing Service Providers,Licensed Vocational Nurse,
Nursing Service Providers,Registered Nurse,
Nursing Service Providers,Registered Nurse,Addiction (Substance Use Disorder)
Nursing Service Providers,Registered Nurse,Administrator
Nursing Service Providers,Registered Nurse,Ambulatory Care
Nursing Service Providers,Registered Nurse,Cardiac Rehabilitation
Nursing Service Providers,Registered Nurse,Case Management
Nursing Service Providers,Registered Nurse,College Health
Nursing Service Providers,Registered Nurse,Community Health
Nursing Service Providers,Registered Nurse,Continence Care
Nursing Service Providers,Registered Nurse,Continuing Education/Staff Development
Nursing Service Providers,Registered Nurse,Critical Care Medicine
Nursing Service Providers,Registered Nurse,Diabetes Educator
Nursing Service Providers,Registered Nurse,"Dialysis, Peritoneal"
Nursing Service Providers,Registered Nurse,Emergency
Nursing Service Providers,Registered Nurse,Enterostomal Therapy
Nursing Service Providers,Registered Nurse,Flight
Nursing Service Providers,Registered Nurse,Gastroenterology
Nursing Service Providers,Registered Nurse,General Practice
Nursing Service Providers,Registered Nurse,Gerontology
Nursing Service Providers,Registered Nurse,Hemodialysis
Nursing Service Providers,Registered Nurse,Home Health
Nursing Service Providers,Registered Nurse,Hospice
Nursing Service Providers,Registered Nurse,Infection Control
Nursing Service Providers,Registered Nurse,Infusion Therapy
Nursing Service Providers,Registered Nurse,Lactation Consultant
Nursing Service Providers,Registered Nurse,Maternal Newborn
Nursing Service Providers,Registered Nurse,Medical-Surgical
Nursing Service Providers,Registered Nurse,Neonatal Intensive Care
Nursing Service Providers,Registered Nurse,"Neonatal, Low-Risk"
Nursing Service Providers,Registered Nurse,Nephrology
Nursing Service Providers,Registered Nurse,Neuroscience
Nursing Service Providers,Registered Nurse,Nurse Massage Therapist (NMT)
Nursing Service Providers,Registered Nurse,Nutrition Support
Nursing Service Providers,Registered Nurse,"Obstetric, High-Risk"
Nursing Service Providers,Registered Nurse,"Obstetric, Inpatient"
Nursing Service Providers,Registered Nurse,Occupational Health
Nursing Service Providers,Registered Nurse,Oncology
Nursing Service Providers,Registered Nurse,Ophthalmic
Nursing Service Providers,Registered Nurse,Orthopedic
Nursing Service Providers,Registered Nurse,Ostomy Care
Nursing Service Providers,Registered Nurse,Otorhinolaryngology & Head-Neck
Nursing Service Providers,Registered Nurse,Pain Management
Nursing Service Providers,Registered Nurse,Pediatric Oncology
Nursing Service Providers,Registered Nurse,Pediatrics
Nursing Service Providers,Registered Nurse,Perinatal
Nursing Service Providers,Registered Nurse,Plastic Surgery
Nursing Service Providers,Registered Nurse,Psychiatric/Mental Health
Nursing Service Providers,Registered Nurse,"Psychiatric/Mental Health, Adult"
Nursing Service Providers,Registered Nurse,"Psychiatric/Mental Health, Child & Adolescent"
Nursing Service Providers,Registered Nurse,Registered Nurse First Assistant
Nursing Service Providers,Registered Nurse,Rehabilitation
Nursing Service Providers,Registered Nurse,Reproductive Endocrinology/Infertility
Nursing Service Providers,Registered Nurse,School
Nursing Service Providers,Registered Nurse,Urology
Nursing Service Providers,Registered Nurse,"Women's Health Care, Ambulatory"
Nursing Service Providers,Registered Nurse,Wound Care
Nursing Service Related Providers,Adult Companion,
Nursing Service Related Providers,Chore Provider,
Nursing Service Related Providers,Day Training/Habilitation Specialist,
Nursing Service Related Providers,Doula,
Nursing Service Related Providers,Home Health Aide,
Nursing Service Related Providers,Homemaker,
Nursing Service Related Providers,Nurse's Aide,
Nursing Service Related Providers,Nursing Home Administrator,
Nursing Service Related Providers,Religious Nonmedical Nursing Personnel,
Nursing Service Related Providers,Religious Nonmedical Practitioner,
Nursing Service Related Providers,Technician,
Nursing Service Related Providers,Technician,Attendant Care Provider
Nursing Service Related Providers,Technician,Personal Care Attendant
Other Service Providers,Acupuncturist,
Other Service Providers,Case Manager/Care Coordinator,
Other Service Providers,Clinical Ethicist,
Other Service Providers,Community Health Worker,
Other Service Providers,Contractor,
Other Service Providers,Contractor,Home Modifications
Other Service Providers,Contractor,Vehicle Modifications
Other Service Providers,Driver,
Other Service Providers,Funeral Director,
Other Service Providers,"Genetic Counselor, MS",
Other Service Providers,Health & Wellness Coach,
Other Service Providers,Health Educator,
Other Service Providers,Homeopath,
Other Service Providers,Interpreter,
Other Service Providers,"Lactation Consultant, Non-RN",
Other Service Providers,"Midwife, Lay",
Other Service Providers,Legal Medicine,
Other Service Providers,Mechanotherapist,
Other Service Providers,Midwife,
Other Service Providers,Military Health Care Provider,
Other Service Providers,Military Health Care Provider,Independent Duty Corpsman
Other Service Providers,Military Health Care Provider,Independent Duty Medical Technicians
Other Service Providers,Naprapath,
Other Service Providers,Naturopath,
Other Service Providers,Peer Specialist,
Other Service Providers,"Medical Genetics, Ph.D. Medical Genetics",
Other Service Providers,Prevention Professional,
Other Service Providers,Reflexologist,
Other Service Providers,"Sleep Specialist, PhD",
Other Service Providers,Specialist,
Other Service Providers,Specialist,Graphics Designer
Other Service Providers,Specialist,Prosthetics Case Management
Other Service Providers,Specialist,Research Data Abstracter/Coder
Other Service Providers,Specialist,Research Study
Other Service Providers,Veterinarian,
Other Service Providers,Veterinarian,Medical Research
Pharmacy Service Providers,Pharmacist,
Pharmacy Service Providers,Pharmacist,Ambulatory Care
Pharmacy Service Providers,Pharmacist,Cardiology
Pharmacy Service Providers,Pharmacist,Compounded Sterile Preparations
Pharmacy Service Providers,Pharmacist,Critical Care
Pharmacy Service Providers,Pharmacist,Emergency Medicine
Pharmacy Service Providers,Pharmacist,General Practice
Pharmacy Service Providers,Pharmacist,Geriatric
Pharmacy Service Providers,Pharmacist,Infectious Diseases
Pharmacy Service Providers,Pharmacist,Nuclear
Pharmacy Service Providers,Pharmacist,Nutrition Support
Pharmacy Service Providers,Pharmacist,Oncology
Pharmacy Service Providers,Pharmacist,Pediatrics
Pharmacy Service Providers,Pharmacist,Pharmacist Clinician (PhC)/ Clinical Pharmacy Specialist
Pharmacy Service Providers,Pharmacist,Pharmacotherapy
Pharmacy Service Providers,Pharmacist,Psychiatric
Pharmacy Service Providers,Pharmacist,Solid Organ Transplant
Pharmacy Service Providers,Pharmacy Technician,
Physician Assistants & Advanced Practice Nursing Providers,Advanced Practice Midwife,
Physician Assistants & Advanced Practice Nursing Providers,Anesthesiologist Assistant,
Physician Assistants & Advanced Practice Nursing Providers,Clinical Nurse Specialist,
Physician Assistants & Advanced Practice Nursing Providers,Clinical Nurse Specialist,Acute Care
Physician Assistants & Advanced Practice Nursing Providers,Clinical Nurse Specialist,Adult Health
Physician Assistants & Advanced Practice Nursing Providers,Clinical Nurse Specialist,Chronic Care
Physician Assistants & Advanced Practice Nursing Providers,Clinical Nurse Specialist,Community Health/Public Health
Physician Assistants & Advanced Practice Nursing Providers,Clinical Nurse Specialist,Critical Care Medicine
Physician Assistants & Advanced Practice Nursing Providers,Clinical Nurse Specialist,Emergency
Physician Assistants & Advanced Practice Nursing Providers,Clinical Nurse Specialist,Ethics
Physician Assistants & Advanced Practice Nursing Providers,Clinical Nurse Specialist,Family Health
Physician Assistants & Advanced Practice Nursing Providers,Clinical Nurse Specialist,Gerontology
Physician Assistants & Advanced Practice Nursing Providers,Clinical Nurse Specialist,Holistic
Physician Assistants & Advanced Practice Nursing Providers,Clinical Nurse Specialist,Home Health
Physician Assistants & Advanced Practice Nursing Providers,Clinical Nurse Specialist,Informatics
Physician Assistants & Advanced Practice Nursing Providers,Clinical Nurse Specialist,Long-Term Care
Physician Assistants & Advanced Practice Nursing Providers,Clinical Nurse Specialist,Medical-Surgical
Physician Assistants & Advanced Practice Nursing Providers,Clinical Nurse Specialist,Neonatal
Physician Assistants & Advanced Practice Nursing Providers,Clinical Nurse Specialist,Neuroscience
Physician Assistants & Advanced Practice Nursing Providers,Clinical Nurse Specialist,Occupational Health
Physician Assistants & Advanced Practice Nursing Providers,Clinical Nurse Specialist,Oncology
Physician Assistants & Advanced Practice Nursing Providers,Clinical Nurse Specialist,"Oncology, Pediatrics"
Physician Assistants & Advanced Practice Nursing Providers,Clinical Nurse Specialist,Pediatrics
Physician Assistants & Advanced Practice Nursing Providers,Clinical Nurse Specialist,Perinatal
Physician Assistants & Advanced Practice Nursing Providers,Clinical Nurse Specialist,Perioperative
Physician Assistants & Advanced Practice Nursing Providers,Clinical Nurse Specialist,Psychiatric/Mental Health
Physician Assistants & Advanced Practice Nursing Providers,Clinical Nurse Specialist,"Psychiatric/Mental Health, Adult"
Physician Assistants & Advanced Practice Nursing Providers,Clinical Nurse Specialist,"Psychiatric/Mental Health, Child & Adolescent"
Physician Assistants & Advanced Practice Nursing Providers,Clinical Nurse Specialist,"Psychiatric/Mental Health, Child & Family"
Physician Assistants & Advanced Practice Nursing Providers,Clinical Nurse Specialist,"Psychiatric/Mental Health, Chronically Ill"
Physician Assistants & Advanced Practice Nursing Providers,Clinical Nurse Specialist,"Psychiatric/Mental Health, Community"
Physician Assistants & Advanced Practice Nursing Providers,Clinical Nurse Specialist,"Psychiatric/Mental Health, Geropsychiatric"
Physician Assistants & Advanced Practice Nursing Providers,Clinical Nurse Specialist,Rehabilitation
Physician Assistants & Advanced Practice Nursing Providers,Clinical Nurse Specialist,School
Physician Assistants & Advanced Practice Nursing Providers,Clinical Nurse Specialist,Transplantation
Physician Assistants & Advanced Practice Nursing Providers,Clinical Nurse Specialist,Women's Health
Physician Assistants & Advanced Practice Nursing Providers,"Nurse Anesthetist, Certified Registered",
Physician Assistants & Advanced Practice Nursing Providers,Nurse Practitioner,
Physician Assistants & Advanced Practice Nursing Providers,Nurse Practitioner,Acute Care
Physician Assistants & Advanced Practice Nursing Providers,Nurse Practitioner,Adult Health
Physician Assistants & Advanced Practice Nursing Providers,Nurse Practitioner,Community Health
Physician Assistants & Advanced Practice Nursing Providers,Nurse Practitioner,Critical Care Medicine
Physician Assistants & Advanced Practice Nursing Providers,Nurse Practitioner,Family
Physician Assistants & Advanced Practice Nursing Providers,Nurse Practitioner,Gerontology
Physician Assistants & Advanced Practice Nursing Providers,Nurse Practitioner,Neonatal
Physician Assistants & Advanced Practice Nursing Providers,Nurse Practitioner,"Neonatal, Critical Care"
Physician Assistants & Advanced Practice Nursing Providers,Nurse Practitioner,Obstetrics & Gynecology
Physician Assistants & Advanced Practice Nursing Providers,Nurse Practitioner,Occupational Health
Physician Assistants & Advanced Practice Nursing Providers,Nurse Practitioner,Pediatrics
Physician Assistants & Advanced Practice Nursing Providers,Nurse Practitioner,"Pediatrics, Critical Care"
Physician Assistants & Advanced Practice Nursing Providers,Nurse Practitioner,Perinatal
Physician Assistants & Advanced Practice Nursing Providers,Nurse Practitioner,Primary Care
Physician Assistants & Advanced Practice Nursing Providers,Nurse Practitioner,Psychiatric/Mental Health
Physician Assistants & Advanced Practice Nursing Providers,Nurse Practitioner,School
Physician Assistants & Advanced Practice Nursing Providers,Nurse Practitioner,Women's Health
Physician Assistants & Advanced Practice Nursing Providers,Physician Assistant,
Physician Assistants & Advanced Practice Nursing Providers,Physician Assistant,Medical
Physician Assistants & Advanced Practice Nursing Providers,Physician Assistant,Surgical
Podiatric Medicine & Surgery Service Providers,"Assistant, Podiatric",
Podiatric Medicine & Surgery Service Providers,Podiatrist,
Podiatric Medicine & Surgery Service Providers,Podiatrist,Foot & Ankle Surgery
Podiatric Medicine & Surgery Service Providers,Podiatrist,Foot Surgery
Podiatric Medicine & Surgery Service Providers,Podiatrist,General Practice
Podiatric Medicine & Surgery Service Providers,Podiatrist,Primary Podiatric Medicine
Podiatric Medicine & Surgery Service Providers,Podiatrist,Public Medicine
Podiatric Medicine & Surgery Service Providers,Podiatrist,Radiology
Podiatric Medicine & Surgery Service Providers,Podiatrist,Sports Medicine
"Respiratory, Developmental, Rehabilitative and Restorative Service Providers",Anaplastologist,
"Respiratory, Developmental, Rehabilitative and Restorative Service Providers",Art Therapist,
"Respiratory, Developmental, Rehabilitative and Restorative Service Providers",Clinical Exercise Physiologist,
"Respiratory, Developmental, Rehabilitative and Restorative Service Providers",Dance Therapist,
"Respiratory, Developmental, Rehabilitative and Restorative Service Providers",Developmental Therapist,
"Respiratory, Developmental, Rehabilitative and Restorative Service Providers",Kinesiotherapist,
"Respiratory, Developmental, Rehabilitative and Restorative Service Providers",Massage Therapist,
"Respiratory, Developmental, Rehabilitative and Restorative Service Providers",Mastectomy Fitter,
"Respiratory, Developmental, Rehabilitative and Restorative Service Providers",Music Therapist,
"Respiratory, Developmental, Rehabilitative and Restorative Service Providers",Occupational Therapist,
"Respiratory, Developmental, Rehabilitative and Restorative Service Providers",Occupational Therapist,Driving and Community Mobility
"Respiratory, Developmental, Rehabilitative and Restorative Service Providers",Occupational Therapist,Environmental Modification
"Respiratory, Developmental, Rehabilitative and Restorative Service Providers",Occupational Therapist,Ergonomics
"Respiratory, Developmental, Rehabilitative and Restorative Service Providers",Occupational Therapist,"Feeding, Eating & Swallowing"
"Respiratory, Developmental, Rehabilitative and Restorative Service Providers",Occupational Therapist,Gerontology
"Respiratory, Developmental, Rehabilitative and Restorative Service Providers",Occupational Therapist,Hand
"Respiratory, Developmental, Rehabilitative and Restorative Service Providers",Occupational Therapist,Human Factors
"Respiratory, Developmental, Rehabilitative and Restorative Service Providers",Occupational Therapist,Low Vision
"Respiratory, Developmental, Rehabilitative and Restorative Service Providers",Occupational Therapist,Mental Health
"Respiratory, Developmental, Rehabilitative and Restorative Service Providers",Occupational Therapist,Neurorehabilitation
"Respiratory, Developmental, Rehabilitative and Restorative Service Providers",Occupational Therapist,Pediatrics
"Respiratory, Developmental, Rehabilitative and Restorative Service Providers",Occupational Therapist,Physical Rehabilitation
"Respiratory, Developmental, Rehabilitative and Restorative Service Providers",Occupational Therapy Assistant,
"Respiratory, Developmental, Rehabilitative and Restorative Service Providers",Occupational Therapy Assistant,Driving and Community Mobility
"Respiratory, Developmental, Rehabilitative and Restorative Service Providers",Occupational Therapy Assistant,Environmental Modification
"Respiratory, Developmental, Rehabilitative and Restorative Service Providers",Occupational Therapy Assistant,"Feeding, Eating & Swallowing"
"Respiratory, Developmental, Rehabilitative and Restorative Service Providers",Occupational Therapy Assistant,Low Vision
"Respiratory, Developmental, Rehabilitative and Restorative Service Providers",Orthotic Fitter,
"Respiratory, Developmental, Rehabilitative and Restorative Service Providers",Orthotist,
"Respiratory, Developmental, Rehabilitative and Restorative Service Providers",Pedorthist,
"Respiratory, Developmental, Rehabilitative and Restorative Service Providers",Physical Therapist,
"Respiratory, Developmental, Rehabilitative and Restorative Service Providers",Physical Therapist,Cardiopulmonary
"Respiratory, Developmental, Rehabilitative and Restorative Service Providers",Physical Therapist,"Electrophysiology, Clinical"
"Respiratory, Developmental, Rehabilitative and Restorative Service Providers",Physical Therapist,Ergonomics
"Respiratory, Developmental, Rehabilitative and Restorative Service Providers",Physical Therapist,Geriatrics
"Respiratory, Developmental, Rehabilitative and Restorative Service Providers",Physical Therapist,Hand
"Respiratory, Developmental, Rehabilitative and Restorative Service Providers",Physical Therapist,Human Factors
"Respiratory, Developmental, Rehabilitative and Restorative Service Providers",Physical Therapist,Neurology
"Respiratory, Developmental, Rehabilitative and Restorative Service Providers",Physical Therapist,Orthopedic
"Respiratory, Developmental, Rehabilitative and Restorative Service Providers",Physical Therapist,Pediatrics
"Respiratory, Developmental, Rehabilitative and Restorative Service Providers",Physical Therapist,Sports
"Respiratory, Developmental, Rehabilitative and Restorative Service Providers",Physical Therapy Assistant,
"Respiratory, Developmental, Rehabilitative and Restorative Service Providers",Prosthetist,
"Respiratory, Developmental, Rehabilitative and Restorative Service Providers",Pulmonary Function Technologist,
"Respiratory, Developmental, Rehabilitative and Restorative Service Providers",Recreation Therapist,
"Respiratory, Developmental, Rehabilitative and Restorative Service Providers",Recreational Therapist Assistant,
"Respiratory, Developmental, Rehabilitative and Restorative Service Providers",Rehabilitation Counselor,
"Respiratory, Developmental, Rehabilitative and Restorative Service Providers",Rehabilitation Counselor,Assistive Technology Practitioner
"Respiratory, Developmental, Rehabilitative and Restorative Service Providers",Rehabilitation Counselor,Assistive Technology Supplier
"Respiratory, Developmental, Rehabilitative and Restorative Service Providers",Rehabilitation Counselor,Orientation and Mobility Training Provider
"Respiratory, Developmental, Rehabilitative and Restorative Service Providers",Rehabilitation Practitioner,
"Respiratory, Developmental, Rehabilitative and Restorative Service Providers","Respiratory Therapist, Certified",
"Respiratory, Developmental, Rehabilitative and Restorative Service Providers","Respiratory Therapist, Certified",Critical Care
"Respiratory, Developmental, Rehabilitative and Restorative Service Providers","Respiratory Therapist, Certified",Educational
"Respiratory, Developmental, Rehabilitative and Restorative Service Providers","Respiratory Therapist, Certified",Emergency Care
"Respiratory, Developmental, Rehabilitative and Restorative Service Providers","Respiratory Therapist, Certified",General Care
"Respiratory, Developmental, Rehabilitative and Restorative Service Providers","Respiratory Therapist, Certified",Geriatric Care
"Respiratory, Developmental, Rehabilitative and Restorative Service Providers","Respiratory Therapist, Certified",Home Health
"Respiratory, Developmental, Rehabilitative and Restorative Service Providers","Respiratory Therapist, Certified",Neonatal/Pediatrics
"Respiratory, Developmental, Rehabilitative and Restorative Service Providers","Respiratory Therapist, Certified",Palliative/Hospice
"Respiratory, Developmental, Rehabilitative and Restorative Service Providers","Respiratory Therapist, Certified",Patient Transport
"Respiratory, Developmental, Rehabilitative and Restorative Service Providers","Respiratory Therapist, Certified",Pulmonary Diagnostics
"Respiratory, Developmental, Rehabilitative and Restorative Service Providers","Respiratory Therapist, Certified",Pulmonary Function Technologist
"Respiratory, Developmental, Rehabilitative and Restorative Service Providers","Respiratory Therapist, Certified",Pulmonary Rehabilitation
"Respiratory, Developmental, Rehabilitative and Restorative Service Providers","Respiratory Therapist, Certified",SNF/Subacute Care
"Respiratory, Developmental, Rehabilitative and Restorative Service Providers","Respiratory Therapist, Registered",
"Respiratory, Developmental, Rehabilitative and Restorative Service Providers","Respiratory Therapist, Registered",Critical Care
"Respiratory, Developmental, Rehabilitative and Restorative Service Providers","Respiratory Therapist, Registered",Educational
"Respiratory, Developmental, Rehabilitative and Restorative Service Providers","Respiratory Therapist, Registered",Emergency Care
"Respiratory, Developmental, Rehabilitative and Restorative Service Providers","Respiratory Therapist, Registered",General Care
"Respiratory, Developmental, Rehabilitative and Restorative Service Providers","Respiratory Therapist, Registered",Geriatric Care
"Respiratory, Developmental, Rehabilitative and Restorative Service Providers","Respiratory Therapist, Registered",Home Health
"Respiratory, Developmental, Rehabilitative and Restorative Service Providers","Respiratory Therapist, Registered",Neonatal/Pediatrics
"Respiratory, Developmental, Rehabilitative and Restorative Service Providers","Respiratory Therapist, Registered",Palliative/Hospice
"Respiratory, Developmental, Rehabilitative and Restorative Service Providers","Respiratory Therapist, Registered",Patient Transport
"Respiratory, Developmental, Rehabilitative and Restorative Service Providers","Respiratory Therapist, Registered",Pulmonary Diagnostics
"Respiratory, Developmental, Rehabilitative and Restorative Service Providers","Respiratory Therapist, Registered",Pulmonary Function Technologist
"Respiratory, Developmental, Rehabilitative and Restorative Service Providers","Respiratory Therapist, Registered",Pulmonary Rehabilitation
"Respiratory, Developmental, Rehabilitative and Restorative Service Providers","Respiratory Therapist, Registered",SNF/Subacute Care
"Respiratory, Developmental, Rehabilitative and Restorative Service Providers",Specialist/Technologist,
"Respiratory, Developmental, Rehabilitative and Restorative Service Providers",Specialist/Technologist,Athletic Trainer
"Respiratory, Developmental, Rehabilitative and Restorative Service Providers",Specialist/Technologist,"Rehabilitation, Blind"
"Speech, Language and Hearing Service Providers",Audiologist,
"Speech, Language and Hearing Service Providers",Audiologist,Assistive Technology Practitioner
"Speech, Language and Hearing Service Providers",Audiologist,Assistive Technology Supplier
"Speech, Language and Hearing Service Providers",Audiologist-Hearing Aid Fitter,
"Speech, Language and Hearing Service Providers",Hearing Instrument Specialist,
"Speech, Language and Hearing Service Providers",Specialist/Technologist,
"Speech, Language and Hearing Service Providers",Specialist/Technologist,Audiology Assistant
"Speech, Language and Hearing Service Providers",Specialist/Technologist,Speech-Language Assistant
"Speech, Language and Hearing Service Providers",Speech-Language Pathologist,
"Student, Health Care",Student in an Organized Health Care Education/Training Program,
"Technologists, Technicians & Other Technical Service Providers",Perfusionist,
"Technologists, Technicians & Other Technical Service Providers",Radiologic Technologist,
"Technologists, Technicians & Other Technical Service Providers",Radiologic Technologist,Bone Densitometry
"Technologists, Technicians & Other Technical Service Providers",Radiologic Technologist,Cardiac-Interventional Technology
"Technologists, Technicians & Other Technical Service Providers",Radiologic Technologist,Cardiovascular-Interventional Technology
"Technologists, Technicians & Other Technical Service Providers",Radiologic Technologist,Computed Tomography
"Technologists, Technicians & Other Technical Service Providers",Radiologic Technologist,Magnetic Resonance Imaging
"Technologists, Technicians & Other Technical Service Providers",Radiologic Technologist,Mammography
"Technologists, Technicians & Other Technical Service Providers",Radiologic Technologist,Nuclear Medicine Technology
"Technologists, Technicians & Other Technical Service Providers",Radiologic Technologist,Quality Management
"Technologists, Technicians & Other Technical Service Providers",Radiologic Technologist,Radiation Therapy
"Technologists, Technicians & Other Technical Service Providers",Radiologic Technologist,Radiography
"Technologists, Technicians & Other Technical Service Providers",Radiologic Technologist,Sonography
"Technologists, Technicians & Other Technical Service Providers",Radiologic Technologist,Vascular Sonography
"Technologists, Technicians & Other Technical Service Providers",Radiologic Technologist,Vascular-Interventional Technology
"Technologists, Technicians & Other Technical Service Providers",Radiology Practitioner Assistant,
"Technologists, Technicians & Other Technical Service Providers",Specialist/Technologist Cardiovascular,
"Technologists, Technicians & Other Technical Service Providers",Specialist/Technologist Cardiovascular,Cardiovascular Invasive Specialist
"Technologists, Technicians & Other Technical Service Providers",Specialist/Technologist Cardiovascular,Sonography
"Technologists, Technicians & Other Technical Service Providers",Specialist/Technologist Cardiovascular,Vascular Specialist
"Technologists, Technicians & Other Technical Service Providers","Specialist/Technologist, Health Information",
"Technologists, Technicians & Other Technical Service Providers","Specialist/Technologist, Health Information","Coding Specialist, Hospital Based"
"Technologists, Technicians & Other Technical Service Providers","Specialist/Technologist, Health Information","Coding Specialist, Physician Office Based"
"Technologists, Technicians & Other Technical Service Providers","Specialist/Technologist, Health Information",Registered Record Administrator
"Technologists, Technicians & Other Technical Service Providers","Specialist/Technologist, Other",
"Technologists, Technicians & Other Technical Service Providers","Specialist/Technologist, Other","Art, Medical"
"Technologists, Technicians & Other Technical Service Providers","Specialist/Technologist, Other",Biochemist
"Technologists, Technicians & Other Technical Service Providers","Specialist/Technologist, Other",Biomedical Engineering
"Technologists, Technicians & Other Technical Service Providers","Specialist/Technologist, Other",Biomedical Photographer
"Technologists, Technicians & Other Technical Service Providers","Specialist/Technologist, Other",Biostatistician
"Technologists, Technicians & Other Technical Service Providers","Specialist/Technologist, Other",EEG
"Technologists, Technicians & Other Technical Service Providers","Specialist/Technologist, Other",Electroneurodiagnostic
"Technologists, Technicians & Other Technical Service Providers","Specialist/Technologist, Other","Geneticist, Medical (PhD)"
"Technologists, Technicians & Other Technical Service Providers","Specialist/Technologist, Other",Graphics Methods
"Technologists, Technicians & Other Technical Service Providers","Specialist/Technologist, Other","Illustration, Medical"
"Technologists, Technicians & Other Technical Service Providers","Specialist/Technologist, Other",Nephrology
"Technologists, Technicians & Other Technical Service Providers","Specialist/Technologist, Other",Orthopedic Assistant
"Technologists, Technicians & Other Technical Service Providers","Specialist/Technologist, Other",Surgical Assistant
"Technologists, Technicians & Other Technical Service Providers","Specialist/Technologist, Other",Surgical Technologist
"Technologists, Technicians & Other Technical Service Providers","Specialist/Technologist, Pathology",
"Technologists, Technicians & Other Technical Service Providers","Specialist/Technologist, Pathology",Blood Banking
"Technologists, Technicians & Other Technical Service Providers","Specialist/Technologist, Pathology",Chemistry
"Technologists, Technicians & Other Technical Service Providers","Specialist/Technologist, Pathology",Cytotechnology
"Technologists, Technicians & Other Technical Service Providers","Specialist/Technologist, Pathology",Hemapheresis Practitioner
"Technologists, Technicians & Other Technical Service Providers","Specialist/Technologist, Pathology",Hematology
"Technologists, Technicians & Other Technical Service Providers","Specialist/Technologist, Pathology",Histology
"Technologists, Technicians & Other Technical Service Providers","Specialist/Technologist, Pathology",Immunology
"Technologists, Technicians & Other Technical Service Providers","Specialist/Technologist, Pathology",Laboratory Management
"Technologists, Technicians & Other Technical Service Providers","Specialist/Technologist, Pathology","Laboratory Management, Diplomate"
"Technologists, Technicians & Other Technical Service Providers","Specialist/Technologist, Pathology",Medical Technologist
"Technologists, Technicians & Other Technical Service Providers","Specialist/Technologist, Pathology",Microbiology
"Technologists, Technicians & Other Technical Service Providers","Technician, Cardiology",
"Technologists, Technicians & Other Technical Service Providers","Technician, Health Information",
"Technologists, Technicians & Other Technical Service Providers","Technician, Health Information",Assistant Record Technician
"Technologists, Technicians & Other Technical Service Providers","Technician, Other",
"Technologists, Technicians & Other Technical Service Providers","Technician, Other",Biomedical Engineering
"Technologists, Technicians & Other Technical Service Providers","Technician, Other",Darkroom
"Technologists, Technicians & Other Technical Service Providers","Technician, Other",EEG
"Technologists, Technicians & Other Technical Service Providers","Technician, Other",Renal Dialysis
"Technologists, Technicians & Other Technical Service Providers","Technician, Other",Veterinary
"Technologists, Technicians & Other Technical Service Providers","Technician, Pathology",
"Technologists, Technicians & Other Technical Service Providers","Technician, Pathology","Clinical Laboratory Director, Non-physician"
"Technologists, Technicians & Other Technical Service Providers","Technician, Pathology",Histology
"Technologists, Technicians & Other Technical Service Providers","Technician, Pathology",Medical Laboratory
"Technologists, Technicians & Other Technical Service Providers","Technician, Pathology",Phlebotomy
Agencies,Case Management,
Agencies,Community/Behavioral Health,
Agencies,"Day Training, Developmentally Disabled Services",
Agencies,Early Intervention Provider Agency,
Agencies,Foster Care Agency,
Agencies,Home Health,
Agencies,Home Infusion,
Agencies,"Hospice Care, Community Based",
Agencies,In Home Supportive Care,
Agencies,Local Education Agency (LEA),
Agencies,Nursing Care,
Agencies,Program of All-Inclusive Care for the Elderly (PACE) Provider Organization,
Agencies,Public Health or Welfare,
Agencies,Supports Brokerage,
Agencies,Voluntary or Charitable,
Ambulatory Health Care Facilities,Clinic/Center,
Ambulatory Health Care Facilities,Clinic/Center,Adolescent and Children Mental Health
Ambulatory Health Care Facilities,Clinic/Center,Adult Day Care
Ambulatory Health Care Facilities,Clinic/Center,Adult Mental Health
Ambulatory Health Care Facilities,Clinic/Center,Ambulatory Family Planning Facility
Ambulatory Health Care Facilities,Clinic/Center,Ambulatory Fertility Facility
Ambulatory Health Care Facilities,Clinic/Center,Ambulatory Surgical
Ambulatory Health Care Facilities,Clinic/Center,Amputee
Ambulatory Health Care Facilities,Clinic/Center,Augmentative Communication
Ambulatory Health Care Facilities,Clinic/Center,Birthing
Ambulatory Health Care Facilities,Clinic/Center,Community Health
Ambulatory Health Care Facilities,Clinic/Center,Corporate Health
Ambulatory Health Care Facilities,Clinic/Center,Critical Access Hospital
Ambulatory Health Care Facilities,Clinic/Center,Dental
Ambulatory Health Care Facilities,Clinic/Center,Developmental Disabilities
Ambulatory Health Care Facilities,Clinic/Center,Emergency Care
Ambulatory Health Care Facilities,Clinic/Center,End-Stage Renal Disease (ESRD) Treatment
Ambulatory Health Care Facilities,Clinic/Center,Endoscopy
Ambulatory Health Care Facilities,Clinic/Center,"Family Planning, Non-Surgical"
Ambulatory Health Care Facilities,Clinic/Center,Federally Qualified Health Center (FQHC)
Ambulatory Health Care Facilities,Clinic/Center,Genetics
Ambulatory Health Care Facilities,Clinic/Center,Health Service
Ambulatory Health Care Facilities,Clinic/Center,Hearing and Speech
Ambulatory Health Care Facilities,Clinic/Center,Infusion Therapy
Ambulatory Health Care Facilities,Clinic/Center,Lithotripsy
Ambulatory Health Care Facilities,Clinic/Center,Magnetic Resonance Imaging (MRI)
Ambulatory Health Care Facilities,Clinic/Center,Medical Specialty
Ambulatory Health Care Facilities,Clinic/Center,Medically Fragile Infants and Children Day Care
Ambulatory Health Care Facilities,Clinic/Center,Mental Health (Including Community Mental Health Center)
Ambulatory Health Care Facilities,Clinic/Center,Methadone
Ambulatory Health Care Facilities,Clinic/Center,Migrant Health
Ambulatory Health Care Facilities,Clinic/Center,Military Ambulatory Procedure Visits Operational (Transportable)
Ambulatory Health Care Facilities,Clinic/Center,Military and U.S. Coast Guard Ambulatory Procedure
Ambulatory Health Care Facilities,Clinic/Center,Military Outpatient Operational (Transportable) Component
Ambulatory Health Care Facilities,Clinic/Center,Military/U.S. Coast Guard Outpatient
Ambulatory Health Care Facilities,Clinic/Center,Multi-Specialty
Ambulatory Health Care Facilities,Clinic/Center,Occupational Medicine
Ambulatory Health Care Facilities,Clinic/Center,Oncology
Ambulatory Health Care Facilities,Clinic/Center,"Oncology, Radiation"
Ambulatory Health Care Facilities,Clinic/Center,Ophthalmologic Surgery
Ambulatory Health Care Facilities,Clinic/Center,Oral and Maxillofacial Surgery
Ambulatory Health Care Facilities,Clinic/Center,Pain
Ambulatory Health Care Facilities,Clinic/Center,Physical Therapy
Ambulatory Health Care Facilities,Clinic/Center,Podiatric
Ambulatory Health Care Facilities,Clinic/Center,Primary Care
Ambulatory Health Care Facilities,Clinic/Center,Prison Health
Ambulatory Health Care Facilities,Clinic/Center,"Public Health, Federal"
Ambulatory Health Care Facilities,Clinic/Center,"Public Health, State or Local"
Ambulatory Health Care Facilities,Clinic/Center,Radiology
Ambulatory Health Care Facilities,Clinic/Center,"Radiology, Mammography"
Ambulatory Health Care Facilities,Clinic/Center,"Radiology, Mobile"
Ambulatory Health Care Facilities,Clinic/Center,"Radiology, Mobile Mammography"
Ambulatory Health Care Facilities,Clinic/Center,Recovery Care
Ambulatory Health Care Facilities,Clinic/Center,Rehabilitation
Ambulatory Health Care Facilities,Clinic/Center,"Rehabilitation, Cardiac Facilities"
Ambulatory Health Care Facilities,Clinic/Center,"Rehabilitation, Comprehensive Outpatient Rehabilitation Facility (CORF)"
Ambulatory Health Care Facilities,Clinic/Center,"Rehabilitation, Substance Use Disorder"
Ambulatory Health Care Facilities,Clinic/Center,Research
Ambulatory Health Care Facilities,Clinic/Center,Rural Health
Ambulatory Health Care Facilities,Clinic/Center,Sleep Disorder Diagnostic
Ambulatory Health Care Facilities,Clinic/Center,Student Health
Ambulatory Health Care Facilities,Clinic/Center,Urgent Care
Ambulatory Health Care Facilities,Clinic/Center,VA
Hospital Units,Epilepsy Unit,
Hospital Units,Medicare Defined Swing Bed Unit,
Hospital Units,Psychiatric Unit,
Hospital Units,Rehabilitation Unit,
Hospital Units,"Rehabilitation, Substance Use Disorder Unit",
Hospitals,Christian Science Sanitorium,
Hospitals,Chronic Disease Hospital,
Hospitals,Chronic Disease Hospital,Children
Hospitals,General Acute Care Hospital,
Hospitals,General Acute Care Hospital,Children
Hospitals,General Acute Care Hospital,Critical Access
Hospitals,General Acute Care Hospital,Rural
Hospitals,General Acute Care Hospital,Women
Hospitals,Long Term Care Hospital,
Hospitals,Military Hospital,
Hospitals,Military Hospital,Community Health
Hospitals,Military Hospital,Military General Acute Care Hospital
Hospitals,Military Hospital,Military General Acute Care Hospital. Operational (Transportable)
Hospitals,Psychiatric Hospital,
Hospitals,Rehabilitation Hospital,
Hospitals,Rehabilitation Hospital,Children
Hospitals,Religious Nonmedical Health Care Institution,
Hospitals,Special Hospital,
Laboratories,Clinical Medical Laboratory,
Laboratories,Dental Laboratory,
Laboratories,Military Clinical Medical Laboratory,
Laboratories,Physiological Laboratory,
Managed Care Organizations,Exclusive Provider Organization,
Managed Care Organizations,Health Maintenance Organization,
Managed Care Organizations,Point of Service,
Managed Care Organizations,Preferred Provider Organization,
Nursing & Custodial Care Facilities,Alzheimer Center (Dementia Center),
Nursing & Custodial Care Facilities,Assisted Living Facility,
Nursing & Custodial Care Facilities,Assisted Living Facility,"Assisted Living, Behavioral Disturbances"
Nursing & Custodial Care Facilities,Assisted Living Facility,"Assisted Living, Mental Illness"
Nursing & Custodial Care Facilities,Christian Science Facility,
Nursing & Custodial Care Facilities,Custodial Care Facility,
Nursing & Custodial Care Facilities,Custodial Care Facility,Adult Care Home
Nursing & Custodial Care Facilities,"Hospice, Inpatient",
Nursing & Custodial Care Facilities,"Intermediate Care Facility, Intellectual Disabilities",
Nursing & Custodial Care Facilities,"Intermediate Care Facility, Mental Illness",
Nursing & Custodial Care Facilities,Nursing Facility/Intermediate Care Facility,
Nursing & Custodial Care Facilities,Skilled Nursing Facility,
Nursing & Custodial Care Facilities,Skilled Nursing Facility,"Nursing Care, Pediatric"
Other Service Providers,Lodging,
Other Service Providers,Meals,
Residential Treatment Facilities,"Community Based Residential Treatment Facility, Mental Illness",
Residential Treatment Facilities,"Community Based Residential Treatment Facility, Intellectual and/or Developmental Disabilities",
Residential Treatment Facilities,Psychiatric Residential Treatment Facility,
Residential Treatment Facilities,"Residential Treatment Facility, Emotionally Disturbed Children",
Residential Treatment Facilities,"Residential Treatment Facility, Intellectual and/or Developmental Disabilities",
Residential Treatment Facilities,"Residential Treatment Facility, Physical Disabilities",
Residential Treatment Facilities,Substance Abuse Rehabilitation Facility,
Residential Treatment Facilities,Substance Abuse Rehabilitation Facility,"Substance Abuse Treatment, Children"
Respite Care Facility,Respite Care,
Respite Care Facility,Respite Care,Respite Care Camp
Respite Care Facility,Respite Care,"Respite Care, Mental Illness, Child"
Respite Care Facility,Respite Care,"Respite Care, Intellectual and/or Developmental Disabilities, Child"
Respite Care Facility,Respite Care,"Respite Care, Physical Disabilities, Child"
Suppliers,Blood Bank,
Suppliers,Department of Veterans Affairs (VA) Pharmacy,
Suppliers,Durable Medical Equipment & Medical Supplies,
Suppliers,Durable Medical Equipment & Medical Supplies,Customized Equipment
Suppliers,Durable Medical Equipment & Medical Supplies,Dialysis Equipment & Supplies
Suppliers,Durable Medical Equipment & Medical Supplies,Nursing Facility Supplies
Suppliers,Durable Medical Equipment & Medical Supplies,Oxygen Equipment & Supplies
Suppliers,Durable Medical Equipment & Medical Supplies,Parenteral & Enteral Nutrition
Suppliers,Emergency Response System Companies,
Suppliers,Eye Bank,
Suppliers,Eyewear Supplier,
Suppliers,Hearing Aid Equipment,
Suppliers,Home Delivered Meals,
Suppliers,Indian Health Service/Tribal/Urban Indian Health (I/T/U) Pharmacy,
Suppliers,Medical Foods Supplier,
Suppliers,Military/U.S. Coast Guard Pharmacy,
Suppliers,Non-Pharmacy Dispensing Site,
Suppliers,Organ Procurement Organization,
Suppliers,Pharmacy,
Suppliers,Pharmacy,Clinic Pharmacy
Suppliers,Pharmacy,Community/Retail Pharmacy
Suppliers,Pharmacy,Compounding Pharmacy
Suppliers,Pharmacy,Home Infusion Therapy Pharmacy
Suppliers,Pharmacy,Institutional Pharmacy
Suppliers,Pharmacy,Long Term Care Pharmacy
Suppliers,Pharmacy,Mail Order Pharmacy
Suppliers,Pharmacy,Managed Care Organization Pharmacy
Suppliers,Pharmacy,Nuclear Pharmacy
Suppliers,Pharmacy,Specialty Pharmacy
Suppliers,Portable X-ray and/or Other Portable Diagnostic Imaging Supplier,
Suppliers,Prosthetic/Orthotic Supplier,
Transportation Services,Air Carrier,
Transportation Services,Ambulance,
Transportation Services,Ambulance,Air Transport
Transportation Services,Ambulance,Land Transport
Transportation Services,Ambulance,Water Transport
Transportation Services,Bus,
Transportation Services,Military/U.S. Coast Guard Transport,
Transportation Services,Military/U.S. Coast Guard Transport,"Military or U.S. Coast Guard Ambulance, Air Transport"
Transportation Services,Military/U.S. Coast Guard Transport,"Military or U.S. Coast Guard Ambulance, Ground Transport"
Transportation Services,Military/U.S. Coast Guard Transport,"Military or U.S. Coast Guard Ambulance, Water Transport"
Transportation Services,Non-emergency Medical Transport (VAN),
Transportation Services,Private Vehicle,
Transportation Services,Secured Medical Transport (VAN),
Transportation Services,Taxi,
Transportation Services,Train,
Transportation Services,Transportation Broker,
Transportation Services,Transportation Network Company,
